Workbook

Sheet Dashboard
B1: QA PLAYGROUND / AUTOMATION DASHBOARD
B3: TypeScript + Playwright • Progress updates from the Test Cases sheet • SCN019 Bank App is planned
B5: TOTAL SCENARIOS | D5: DESIGNED TEST CASES | F5: TEST CASE AUTOMATION | I5: PASSED TEST CASES | K5: FAILED TEST CASES | M5: TEST CASE RUN COMPLETION
B6: =COUNTA('Test Scenarios'!$A$6:$A$24) -> 19 | D6: =COUNTA('Test Cases'!$B$6:$B$24) -> 19 | F6: =IFERROR(COUNTIF('Test Cases'!$L$6:$L$23,"Automated")/D6,0) -> 0.21052632 | I6: =COUNTIFS('Test Cases'!$M$6:$M$23,"Pass") -> 4 | K6: =COUNTIFS('Test Cases'!$M$6:$M$23,"Fail") -> 0 | M6: =IFERROR((COUNTIF('Test Cases'!$M$6:$M$23,"Pass")+COUNTIF('Test Cases'!$M$6:$M$23,"Fail")+COUNTIF('Test Cases'!$M$6:$M$23,"Blocked"))/D6,0) -> 0.21052632
B9: One TC ID per Scenario ID: 18 designed cases and 1 planned Bank App case. Status and phase charts include the 18 designed cases.
B12: DESIGNED CASES BY LEARNING PHASE
B13: Phase | C13: Total cases | D13: Automated | E13: Passed | F13: Coverage
B14: 01 Basics | C14: =COUNTIFS('Test Cases'!$K$6:$K$23,B14) -> 5 | D14: =COUNTIFS('Test Cases'!$K$6:$K$23,B14,'Test Cases'!$L$6:$L$23,"Automated") -> 2 | E14: =COUNTIFS('Test Cases'!$K$6:$K$23,B14,'Test Cases'!$M$6:$M$23,"Pass") -> 2 | F14: =IFERROR(D14/C14,0) -> 0.4
B15: 02 Forms | C15: =COUNTIFS('Test Cases'!$K$6:$K$23,B15) -> 5 | D15: =COUNTIFS('Test Cases'!$K$6:$K$23,B15,'Test Cases'!$L$6:$L$23,"Automated") -> 2 | E15: =COUNTIFS('Test Cases'!$K$6:$K$23,B15,'Test Cases'!$M$6:$M$23,"Pass") -> 2 | F15: =IFERROR(D15/C15,0) -> 0.4
B16: 03 Browser | C16: =COUNTIFS('Test Cases'!$K$6:$K$23,B16) -> 4 | D16: =COUNTIFS('Test Cases'!$K$6:$K$23,B16,'Test Cases'!$L$6:$L$23,"Automated") -> 0 | E16: =COUNTIFS('Test Cases'!$K$6:$K$23,B16,'Test Cases'!$M$6:$M$23,"Pass") -> 0 | F16: =IFERROR(D16/C16,0) -> 0
B17: 04 Advanced | C17: =COUNTIFS('Test Cases'!$K$6:$K$23,B17) -> 4 | D17: =COUNTIFS('Test Cases'!$K$6:$K$23,B17,'Test Cases'!$L$6:$L$23,"Automated") -> 0 | E17: =COUNTIFS('Test Cases'!$K$6:$K$23,B17,'Test Cases'!$M$6:$M$23,"Pass") -> 0 | F17: =IFERROR(D17/C17,0) -> 0
B20: DESIGNED CASE AUTOMATION & RUN STATES
B21: Automation status | C21: Cases | E21: Run status | F21: Cases
B22: Not Automated | C22: =COUNTIFS('Test Cases'!$L$6:$L$24,B22) -> 14 | E22: Not Run | F22: =COUNTIFS('Test Cases'!$M$6:$M$23,E22) -> 14
B23: In Progress | C23: =COUNTIFS('Test Cases'!$L$6:$L$23,B23) -> 0 | E23: Pass | F23: =COUNTIFS('Test Cases'!$M$6:$M$23,E23) -> 4
B24: Automated | C24: =COUNTIFS('Test Cases'!$L$6:$L$23,B24) -> 4 | E24: Fail | F24: =COUNTIFS('Test Cases'!$M$6:$M$23,E24) -> 0
B25: Skipped | C25: =COUNTIFS('Test Cases'!$L$6:$L$23,B25) -> 0 | E25: Blocked | F25: =COUNTIFS('Test Cases'!$M$6:$M$23,E25) -> 0
B28: DESIGNED CASES BY PRACTICE AREA
B29: Area | C29: Total cases | D29: Automated | E29: Passed | F29: Coverage
B30: ='Test Scenarios'!B6 -> Input Fields | C30: =COUNTIFS('Test Cases'!$D$6:$D$23,B30) -> 1 | D30: =COUNTIFS('Test Cases'!$D$6:$D$23,B30,'Test Cases'!$L$6:$L$23,"Automated") -> 1 | E30: =COUNTIFS('Test Cases'!$D$6:$D$23,B30,'Test Cases'!$M$6:$M$23,"Pass") -> 1 | F30: =IFERROR(D30/C30,0) -> 1
B31: ='Test Scenarios'!B7 -> Buttons | C31: =COUNTIFS('Test Cases'!$D$6:$D$23,B31) -> 1 | D31: =COUNTIFS('Test Cases'!$D$6:$D$23,B31,'Test Cases'!$L$6:$L$23,"Automated") -> 1 | E31: =COUNTIFS('Test Cases'!$D$6:$D$23,B31,'Test Cases'!$M$6:$M$23,"Pass") -> 1 | F31: =IFERROR(D31/C31,0) -> 1
B32: ='Test Scenarios'!B8 -> Forms | C32: =COUNTIFS('Test Cases'!$D$6:$D$23,B32) -> 1 | D32: =COUNTIFS('Test Cases'!$D$6:$D$23,B32,'Test Cases'!$L$6:$L$23,"Automated") -> 1 | E32: =COUNTIFS('Test Cases'!$D$6:$D$23,B32,'Test Cases'!$M$6:$M$23,"Pass") -> 1 | F32: =IFERROR(D32/C32,0) -> 1
B33: ='Test Scenarios'!B9 -> Dropdowns | C33: =COUNTIFS('Test Cases'!$D$6:$D$23,B33) -> 1 | D33: =COUNTIFS('Test Cases'!$D$6:$D$23,B33,'Test Cases'!$L$6:$L$23,"Automated") -> 1 | E33: =COUNTIFS('Test Cases'!$D$6:$D$23,B33,'Test Cases'!$M$6:$M$23,"Pass") -> 1 | F33: =IFERROR(D33/C33,0) -> 1
B34: ='Test Scenarios'!B10 -> Data Table | C34: =COUNTIFS('Test Cases'!$D$6:$D$23,B34) -> 1 | D34: =COUNTIFS('Test Cases'!$D$6:$D$23,B34,'Test Cases'!$L$6:$L$23,"Automated") -> 0 | E34: =COUNTIFS('Test Cases'!$D$6:$D$23,B34,'Test Cases'!$M$6:$M$23,"Pass") -> 0 | F34: =IFERROR(D34/C34,0) -> 0
B35: ='Test Scenarios'!B11 -> Alerts & Dialogs | C35: =COUNTIFS('Test Cases'!$D$6:$D$23,B35) -> 1 | D35: =COUNTIFS('Test Cases'!$D$6:$D$23,B35,'Test Cases'!$L$6:$L$23,"Automated") -> 0 | E35: =COUNTIFS('Test Cases'!$D$6:$D$23,B35,'Test Cases'!$M$6:$M$23,"Pass") -> 0 | F35: =IFERROR(D35/C35,0) -> 0
B36: ='Test Scenarios'!B12 -> Radio & Checkbox | C36: =COUNTIFS('Test Cases'!$D$6:$D$23,B36) -> 1 | D36: =COUNTIFS('Test Cases'!$D$6:$D$23,B36,'Test Cases'!$L$6:$L$23,"Automated") -> 0 | E36: =COUNTIFS('Test Cases'!$D$6:$D$23,B36,'Test Cases'!$M$6:$M$23,"Pass") -> 0 | F36: =IFERROR(D36/C36,0) -> 0
B37: ='Test Scenarios'!B13 -> Date Picker | C37: =COUNTIFS('Test Cases'!$D$6:$D$23,B37) -> 1 | D37: =COUNTIFS('Test Cases'!$D$6:$D$23,B37,'Test Cases'!$L$6:$L$23,"Automated") -> 0 | E37: =COUNTIFS('Test Cases'!$D$6:$D$23,B37,'Test Cases'!$M$6:$M$23,"Pass") -> 0 | F37: =IFERROR(D37/C37,0) -> 0
B38: ='Test Scenarios'!B14 -> Links | C38: =COUNTIFS('Test Cases'!$D$6:$D$23,B38) -> 1 | D38: =COUNTIFS('Test Cases'!$D$6:$D$23,B38,'Test Cases'!$L$6:$L$23,"Automated") -> 0 | E38: =COUNTIFS('Test Cases'!$D$6:$D$23,B38,'Test Cases'!$M$6:$M$23,"Pass") -> 0 | F38: =IFERROR(D38/C38,0) -> 0
B39: ='Test Scenarios'!B15 -> Tabs & Windows | C39: =COUNTIFS('Test Cases'!$D$6:$D$23,B39) -> 1 | D39: =COUNTIFS('Test Cases'!$D$6:$D$23,B39,'Test Cases'!$L$6:$L$23,"Automated") -> 0 | E39: =COUNTIFS('Test Cases'!$D$6:$D$23,B39,'Test Cases'!$M$6:$M$23,"Pass") -> 0 | F39: =IFERROR(D39/C39,0) -> 0
B40: ='Test Scenarios'!B16 -> Dynamic Waits | C40: =COUNTIFS('Test Cases'!$D$6:$D$23,B40) -> 1 | D40: =COUNTIFS('Test Cases'!$D$6:$D$23,B40,'Test Cases'!$L$6:$L$23,"Automated") -> 0 | E40: =COUNTIFS('Test Cases'!$D$6:$D$23,B40,'Test Cases'!$M$6:$M$23,"Pass") -> 0 | F40: =IFERROR(D40/C40,0) -> 0
B41: ='Test Scenarios'!B17 -> Multi Select | C41: =COUNTIFS('Test Cases'!$D$6:$D$23,B41) -> 1 | D41: =COUNTIFS('Test Cases'!$D$6:$D$23,B41,'Test Cases'!$L$6:$L$23,"Automated") -> 0 | E41: =COUNTIFS('Test Cases'!$D$6:$D$23,B41,'Test Cases'!$M$6:$M$23,"Pass") -> 0 | F41: =IFERROR(D41/C41,0) -> 0
... B47: ='Test Scenarios'!B23 -> Infinite Scroll | C47: =COUNTIFS('Test Cases'!$D$6:$D$23,B47) -> 1 | D47: =COUNTIFS('Test Cases'!$D$6:$D$23,B47,'Test Cases'!$L$6:$L$23,"Automated") -> 0 | E47: =COUNTIFS('Test Cases'!$D$6:$D$23,B47,'Test Cases'!$M$6:$M$23,"Pass") -> 0 | F47: =IFERROR(D47/C47,0) -> 0

Sheet Test Scenarios
A1: QA Playground | Test Scenarios
A3: TypeScript + Playwright portfolio • 18 practice modules • Bank App E2E planned after walkthrough
A5: Scenario ID | B5: Practice area | C5: Level | D5: Scenario / coverage | E5: Source URL | F5: Phase | G5: Status
A6: SCN001 | B6: Input Fields | C6: Beginner | D6: Input values, append, clear, and field states | E6: https://qaplayground.com/practice/input-fields | F6: 01 Basics | G6: Complete
A7: SCN002 | B7: Buttons | C7: Beginner | D7: Click actions and button states | E7: https://qaplayground.com/practice/buttons | F7: 01 Basics | G7: Complete
A8: SCN003 | B8: Forms | C8: Intermediate | D8: Valid submission and validation | E8: https://qaplayground.com/practice/forms | F8: 02 Forms | G8: Complete
A9: SCN004 | B9: Dropdowns | C9: Beginner | D9: Native, custom, and searchable selections | E9: https://qaplayground.com/practice/dropdowns | F9: 02 Forms | G9: Not Started
A10: SCN005 | B10: Data Table | C10: Intermediate | D10: Inspect, search, sort, paginate, and edit rows | E10: https://qaplayground.com/practice/data-table | F10: 02 Forms | G10: Not Started
A11: SCN006 | B11: Alerts & Dialogs | C11: Intermediate | D11: Dialog content, actions, and dismissal | E11: https://qaplayground.com/practice/alerts | F11: 02 Forms | G11: Not Started
A12: SCN007 | B12: Radio & Checkbox | C12: Beginner | D12: Checked, exclusive, and disabled states | E12: https://qaplayground.com/practice/radio-checkbox | F12: 01 Basics | G12: Not Started
A13: SCN008 | B13: Date Picker | C13: Intermediate | D13: Date entry, calendar selection, and constraints | E13: https://qaplayground.com/practice/date-picker | F13: 02 Forms | G13: Not Started
A14: SCN009 | B14: Links | C14: Beginner | D14: Navigation, href, and tab behavior | E14: https://qaplayground.com/practice/links | F14: 01 Basics | G14: Not Started
A15: SCN010 | B15: Tabs & Windows | C15: Intermediate | D15: Popup capture and page switching | E15: https://qaplayground.com/practice/tabs-windows | F15: 03 Browser | G15: Not Started
A16: SCN011 | B16: Dynamic Waits | C16: Advanced | D16: Wait for changing UI state without fixed sleeps | E16: https://qaplayground.com/practice/dynamic-waits | F16: 03 Browser | G16: Not Started
... A24: SCN019 | B24: Bank App E2E | C24: Advanced | D24: Bank App E2E: define the case and steps after a live walkthrough | E24: https://qaplayground.com/practice | F24: 05 E2E | G24: Planned

Sheet Test Cases
A1: TypeScript + Playwright | Detailed Test Cases
A3: 19 Scenario IDs map to TC001–TC019 • 18 designed procedures • SCN019 / TC019 is planned after a live Bank App walkthrough
A5: Scenario ID | B5: TC ID | C5: Scenario coverage | D5: Practice area | E5: Test case / objective | F5: Test steps | G5: Test data by step | H5: Expected result by step | I5: Type | J5: Priority | K5: Phase | L5: Automation | M5: Run status | N5: Source URL | O5: Step count
A6: SCN001 | B6: TC001 | C6: Input values, append, clear, and field states | D6: Input Fields | E6: Verify input fields interactions and outcomes | F6: 1. Open the Input Fields page and locate the movie-name input. 2. Enter a movie title and verify its input value. 3. Click Submit and read the result. 4. Locate the prefilled append field and read its starting value. 5. Place the caret at the end, type the suffix, and press Tab. 6. Locate the clearable field, click Clear, and read its value. 7. Check the disabled input and navigate past it with Tab. 8. Read the readonly field, attempt ordinary editing, and read it again. | G6: 1. S01 2. Interstellar 3. Submit 4. S02 5. Endgame; Tab 6. S04; Clear 7. S05 8. S06 | H6: 1. The input and Submit button are visible. 2. The input value equals Interstellar. 3. The displayed result reflects Interstellar. 4. The starting value is Avengers. 5. The field loses focus and reads Avengers Endgame. 6. The field is empty after clearing. 7. It is disabled, skipped by focus, and unchanged. 8. It remains readable but its value does not change. | I6: Integrated | J6: High | K6: 01 Basics | L6: Automated | M6: Pass | N6: https://qaplayground.com/practice/input-fields | O6: 8
A7: SCN002 | B7: TC002 | C7: Click actions and button states | D7: Buttons | E7: Verify buttons interactions and outcomes | F7: 1. Open the Buttons page and record the relevant result messages. 2. Click an enabled action button once. 3. Click the double-click button once and inspect its result. 4. Double-click the same button. 5. Left-click the context-action button and inspect its result. 6. Right-click the context-action button. 7. Inspect the Disabled button state and result. | G7: 1. Buttons practice page 2. Single-click button 3. S07; one click 4. S07; double-click 5. S08; left click 6. S08; right click 7. S05 | H7: 1. The single, double, right-click, and disabled scenarios are visible. 2. Its result changes; unrelated result panels remain unchanged. 3. The double-click confirmation is not shown. 4. The result reads Double clicked! 5. The right-click action is not confirmed. 6. The context-action result updates. 7. The button is disabled and no action fires. | I7: Integrated | J7: High | K7: 01 Basics | L7: Automated | M7: Pass | N7: https://qaplayground.com/practice/buttons | O7: 7
A8: SCN003 | B8: TC003 | C8: Valid submission and validation | D8: Forms | E8: Verify forms interactions and outcomes | F8: 1. Open Forms and locate F02 Personal Details. 2. Fill first and last name. 3. Fill a valid phone number and date of birth. 4. Choose one gender and submit. 5. Read the success state and submitted name. 6. Reset F02 and submit it with required fields empty. 7. Inspect the individual required-field errors. 8. In F01, enter an invalid email and a nonempty password, then Login. 9. In F05, enter two different passwords and accept Terms. 10. Submit F05 and read confirmation validation. | G8: 1. F02 2. Reuben; Silerio 3. 9876543210; 1995-06-15 4. Male; Save Details 5. Reuben 6. Reset; Save Details 7. Name; phone; DOB; gender 8. not-an-email; secret123 9. secret123; wrong456; Terms 10. Submit | H8: 1. First/last name, phone, DOB, gender, Save Details, and Reset are visible. 2. Both name fields retain the supplied values. 3. The phone has 10 digits and DOB has the chosen date. 4. Only Male is checked and submission succeeds. 5. The success message includes Reuben. 6. The empty form is not accepted. 7. Each required field or group shows its error. 8. Email format validation appears and login is rejected. 9. The values differ and Terms is checked. 10. The passwords-do-not-match error appears; no success state appears. | I8: Integrated | J8: High | K8: 02 Forms | L8: Automated | M8: Pass | N8: https://qaplayground.com/practice/forms | O8: 10
A9: SCN004 | B9: TC004 | C9: Native, custom, and searchable selections | D9: Dropdowns | E9: Verify dropdowns interactions and outcomes | F9: 1. Open Dropdowns and locate the native fruit select. 2. Choose Apple by visible text. 3. Choose India from the country select by value. 4. Select Batman, then add Aquaman in the superhero multi-select. 5. Open the custom priority listbox and choose High Priority. 6. Type Pun in the searchable city combobox. 7. Select Pune and read the chosen city. | G9: 1. S01 2. Apple 3. S02; india 4. S04; Batman; Aquaman 5. S05; High Priority 6. S06; Pun 7. Pune | H9: 1. Its default placeholder is selected. 2. The select value is apple and the result confirms Apple. 3. The visible label is India and the selected value is india. 4. Both heroes are selected together; exactly two are selected. 5. The trigger and result show High Priority. 6. Pune appears in the filtered options; unrelated cities are filtered out. 7. The result confirms the intended city selection. | I9: Integrated | J9: High | K9: 02 Forms | L9: Automated | M9: Pass | N9: https://qaplayground.com/practice/dropdowns | O9: 7
A10: SCN005 | B10: TC005 | C10: Inspect, search, sort, paginate, and edit rows | D10: Data Table | E10: Verify data table interactions and outcomes | F10: 1. Open Data Table with default search and genre settings. 2. Compare the header labels with the expected list. 3. Read the page count and first-page row numbers. 4. Search for a known book and inspect the filtered names. 5. Clear search, click page 2, and read the row numbers. 6. Click Book Name once and read visible names. 7. Click Book Name a second time. 8. Click Book Name a third time. 9. Record the book count, open + Add Book, and leave Name and Author empty. 10. Click Save and inspect each required-field error. 11. Close the dialog and compare the book count. | G10: 1. Data Table 2. Sr No.; Book Name; Book Genre; Book Author; Book ISBN; Book Published; Actions 3. Page 1 4. Clean Code 5. Clear; 2 6. Book Name 7. Book Name 8. Book Name 9. + Add Book 10. Save 11. Initial count | H10: 1. Seven headers, five first-page rows, and the count indicator appear. 2. All seven labels match in order. 3. Five rows numbered 1–5 appear; indicator says 25 books, page 1 of 5. 4. Only matching book rows remain; the result count updates. 5. The full table returns and rows 6–10 display on page 2. 6. Names sort ascending. 7. Names sort descending. 8. The original unsorted order returns. 9. The add dialog opens with required fields blank. 10. Name and Author errors appear; no new row is saved. 11. The table count is unchanged. | I10: Integrated | J10: High | K10: 02 Forms | L10: Not Automated | M10: Not Run | N10: https://qaplayground.com/practice/data-table | O10: 11
A11: SCN006 | B11: TC006 | C11: Dialog content, actions, and dismissal | D11: Alerts & Dialogs | E11: Verify alerts & dialogs interactions and outcomes | F11: 1. Open Alerts & Dialogs and trigger the info dialog. 2. Read its heading and close it using the dialog close control. 3. Open the confirm-action dialog and read its initial result. 4. Click Confirm and inspect the result. 5. Open the keyboard-dismissible dialog and press Escape. 6. Open an overlay dialog and click inside its panel. 7. Close the open dialog using its intended dismissal control. | G11: 1. S01; Open Info Dialog 2. S01; × 3. S02; Open Confirm Dialog 4. Confirm 5. S06; Escape 6. Dialog panel 7. Close | H11: 1. A visible dialog opens with role=dialog and aria-modal=true. 2. The expected heading is present and the dialog disappears. 3. The dialog is visible and no confirmation is recorded yet. 4. Submission confirmed! appears and the dialog closes. 5. The dialog disappears and the dismissal result updates. 6. The dialog remains open; the inside click does not dismiss it. 7. The page returns to its non-dialog state. | I11: Integrated | J11: High | K11: 02 Forms | L11: Not Automated | M11: Not Run | N11: https://qaplayground.com/practice/alerts | O11: 7
A12: SCN007 | B12: TC007 | C12: Checked, exclusive, and disabled states | D12: Radio & Checkbox | E12: Verify radio & checkbox interactions and outcomes | F12: 1. Open Radio & Checkbox and locate an unchecked checkbox. 2. Check it and read its selected state. 3. Uncheck it and read its state again. 4. Locate one radio group and select its first enabled option. 5. Choose a different radio in the same group. 6. Inspect the disabled checkbox without forcing interaction. | G12: 1. S01 2. Checkbox 3. Checkbox 4. S02 5. Second option 6. S05 | H12: 1. The target begins unchecked. 2. The target becomes checked. 3. The target becomes unchecked. 4. The first option becomes checked. 5. Only the second option is checked; the first is unchecked. 6. It is disabled and its selected state remains unchanged. | I12: Integrated | J12: High | K12: 01 Basics | L12: Not Automated | M12: Not Run | N12: https://qaplayground.com/practice/radio-checkbox | O12: 6
A13: SCN008 | B13: TC008 | C13: Date entry, calendar selection, and constraints | D13: Date Picker | E13: Verify date picker interactions and outcomes | F13: 1. Open Date Picker and locate the native date input. 2. Fill a valid ISO date and read the input value. 3. Open the calendar picker and inspect its grid. 4. Choose an enabled day and read the selected-date display. 5. Read the constrained input minimum date. 6. Enter a date before that minimum and trigger validation. | G13: 1. S01 2. 2026-10-15 3. S02 4. Visible day 5. S05; min 6. One day before min | H13: 1. The date field is enabled. 2. The field value exactly matches 2026-10-15. 3. The calendar grid becomes visible. 4. The displayed date corresponds to the chosen day. 5. A valid minimum boundary is available. 6. The input is invalid or browser validation blocks the date. | I13: Integrated | J13: High | K13: 02 Forms | L13: Not Automated | M13: Not Run | N13: https://qaplayground.com/practice/date-picker | O13: 6
A14: SCN009 | B14: TC009 | C14: Navigation, href, and tab behavior | D14: Links | E14: Verify links interactions and outcomes | F14: 1. Open Links and record an internal link href and current URL. 2. Click the internal link and compare the active URL. 3. Return to Links and read an external link href and tab count. 4. Click the external link while capturing the new page. 5. Return to Links and request the broken-link href. 6. Read a known link label and href. | G14: 1. S01 2. Internal link 3. S02 4. External link 5. S03 6. Target link | H14: 1. Both starting URL and target href are known. 2. The destination matches the href in the same tab. 3. The target URL and original tab count are known. 4. One new tab opens with the expected URL; original tab remains open. 5. The URL returns an HTTP error status. 6. The descriptive label and href match the intended destination. | I14: Integrated | J14: High | K14: 01 Basics | L14: Not Automated | M14: Not Run | N14: https://qaplayground.com/practice/links | O14: 6
A15: SCN010 | B15: TC010 | C15: Popup capture and page switching | D15: Tabs & Windows | E15: Verify tabs & windows interactions and outcomes | F15: 1. Open Tabs & Windows and record original page URL and tab count. 2. Capture the new-page event while opening a tab link. 3. Wait for the new page and compare its URL with the link href. 4. Switch attention back to the original tab. 5. Close the captured new tab. | G15: 1. S01 2. Open New Tab 3. Href 4. Original page 5. New page | H15: 1. The original browser context is known. 2. The page count increases by one. 3. The new tab reaches the expected destination. 4. The original URL is unchanged and the page remains usable. 5. The page reports closed and open tab count returns to baseline. | I15: Integrated | J15: High | K15: 03 Browser | L15: Not Automated | M15: Not Run | N15: https://qaplayground.com/practice/tabs-windows | O15: 5
A16: SCN011 | B16: TC011 | C16: Wait for changing UI state without fixed sleeps | D16: Dynamic Waits | E16: Verify dynamic waits interactions and outcomes | F16: 1. Open Dynamic Waits and verify the delayed target is initially absent. 2. Trigger delayed rendering and wait for target visibility. 3. Trigger spinner loading and observe the pending state. 4. Wait for the spinner to hide and the content to show. 5. Trigger a toast and read its message. 6. Wait for automatic toast dismissal. 7. Verify a delayed button starts disabled, then arm it. 8. Click the enabled button. | G16: 1. S01 2. Trigger; bounded timeout 3. S02 4. Bounded timeout 5. S03 6. Up to 4 seconds 7. S05 8. Submit | H16: 1. The trigger is visible before the target appears. 2. The target appears without a fixed sleep. 3. The spinner appears before loaded content. 4. The spinner disappears and loaded content appears. 5. The toast becomes visible with the expected text. 6. The toast becomes hidden or detached. 7. The button transitions from disabled to enabled. 8. The newly enabled action succeeds. | I16: Integrated | J16: High | K16: 03 Browser | L16: Not Automated | M16: Not Run | N16: https://qaplayground.com/practice/dynamic-waits | O16: 8
A17: SCN012 | B17: TC012 | C17: Select, deselect, filter, and clear choices | D17: Multi Select | E17: Verify multi select interactions and outcomes | F17: 1. Open Multi Select and locate a native multi-select. 2. Select one option and inspect selectedOptions. 3. Select a second distinct option without replacing the first. 4. Deselect one option and read selectedOptions again. 5. Open the custom checkbox multi-select and select at least two options. 6. Click Clear All and inspect count and option states. | G17: 1. S01 2. One option 3. S02; second option 4. S03 5. S04 6. Clear All | H17: 1. Available options are visible and initial selection is known. 2. Exactly that option is selected. 3. Exactly two requested options are selected. 4. The removed option is absent and the other remains. 5. The selected-count label matches the choices. 6. The count is zero and no option remains selected. | I17: Integrated | J17: High | K17: 03 Browser | L17: Not Automated | M17: Not Run | N17: https://qaplayground.com/practice/multi-select | O17: 6
... A24: SCN019 | B24: TC019 | C24: Bank App E2E: define the case and steps after a live walkthrough | D24: Bank App E2E | E24: Bank App end-to-end flow — design after walkthrough | F24: Planned — complete after live walkthrough | G24: Pending walkthrough | H24: Pending walkthrough | I24: Planned | J24: TBD | K24: 05 E2E | L24: Planned | M24: Planned | N24: https://qaplayground.com/practice | O24: 0
